Rank,Team,Accurate Passes per Match,Pass Success (%),Matches,Country
1,Real Madrid,549.2,90.1,38,ESP
2,Barcelona,539.5,88.6,38,ESP
3,Las Palmas,477.4,85.4,38,ESP
4,Girona,469.8,87.9,38,ESP
5,Atletico Madrid,425.3,84.6,38,ESP
6,Real Betis,379.1,83.0,38,ESP
7,Villarreal,378.8,84.2,38,ESP
8,Real Sociedad,378.6,82.0,38,ESP
9,Sevilla,356.2,81.5,38,ESP
10,Athletic Club,352.5,79.6,38,ESP
11,Celta Vigo,340.2,80.2,38,ESP
12,Rayo Vallecano,321.7,78.2,38,ESP
13,Osasuna,313.5,77.0,38,ESP
14,Almeria,311.1,79.4,38,ESP
15,Valencia,295.4,77.0,38,ESP
16,Granada,291.2,77.6,38,ESP
17,Mallorca,276.4,75.7,38,ESP
18,Cadiz,258.8,74.3,38,ESP
19,Getafe,257.7,72.6,38,ESP
20,Deportivo Alaves,239.1,73.9,38,ESP
